{
  "Name": "Dyst",
  "Version": "1.0.0",
  "Factory Info": {
    "Vendor": "Aarrow Audio",
    "URL": "www.AarrowAudio.com",
    "E-Mail": "",
    "Flags": {
      "Unicode": true,
      "Classes Discardable": false,
      "Component Non Discardable": false,
    },
  },
  "Classes": [
    {
      "CID": "ABCDEF019182FAEB4D616E7543687565",
      "Category": "Audio Module Class",
      "Name": "Dyst",
      "Vendor": "Aarrow Audio",
      "Version": "1.0.0",
      "SDKVersion": "VST 3.7.8",
      "Sub Categories": [
        "Fx",
      ],
      "Class Flags": 0,
      "Cardinality": 2147483647,
      "Snapshots": [
      ],
    },
    {
      "CID": "ABCDEF011234ABCD4D616E7543687565",
      "Category": "Component Controller Class",
      "Name": "Dyst",
      "Vendor": "Aarrow Audio",
      "Version": "1.0.0",
      "SDKVersion": "VST 3.7.8",
      "Sub Categories": [
        "Fx",
      ],
      "Class Flags": 0,
      "Cardinality": 2147483647,
      "Snapshots": [
      ],
    },
    {
      "CID": "ABCDEF01C0DEF00D4D616E7543687565",
      "Category": "Plugin Compatibility Class",
      "Name": "Dyst",
      "Vendor": "Aarrow Audio",
      "Version": "1.0.0",
      "SDKVersion": "VST 3.7.8",
      "Class Flags": 0,
      "Cardinality": 2147483647,
      "Snapshots": [
      ],
    },
  ],
}